<?xml version="1.0" encoding="utf-8"?><feed xmlns="http://www.w3.org/2005/Atom" ><generator uri="https://jekyllrb.com/" version="3.9.0">Jekyll</generator><link href="http://0.0.0.0:4000/feed.xml" rel="self" type="application/atom+xml" /><link href="http://0.0.0.0:4000/" rel="alternate" type="text/html" /><updated>2021-02-08T20:22:56-06:00</updated><id>http://0.0.0.0:4000/feed.xml</id><title type="html">CCPA Home</title><subtitle>Home of the Coalition for Content Provenance and Authenticity</subtitle></feed>